#,action,category,weight,policy_a,policy_b,policy_c
1,List all my buckets,READ,1,SUCCESS,SUCCESS,SUCCESS
2,List bucket,READ,1,SUCCESS,SUCCESS,SUCCESS
3,Get object,READ,1,SUCCESS,SUCCESS,SUCCESS
4,Get object version,READ,1,DENIED,SUCCESS,SUCCESS
5,Get bucket acl,READ,1,DENIED,SUCCESS,SUCCESS
6,Get bucket policy,READ,1,DENIED,SUCCESS,SUCCESS
7,Put object,WRITE,2,DENIED,SUCCESS,SUCCESS
8,Copy object,WRITE,2,DENIED,SUCCESS,SUCCESS
9,Create bucket,WRITE,2,DENIED,SUCCESS,SUCCESS
10,Put bucket acl,WRITE,2,DENIED,DENIED,SUCCESS
11,Put bucket policy,WRITE,2,DENIED,DENIED,SUCCESS
12,Delete object,DESTROY,3,DENIED,DENIED,SUCCESS
13,Delete bucket,DESTROY,3,DENIED,DENIED,SUCCESS
14,Delete bucket policy,DESTROY,3,DENIED,DENIED,SUCCESS
15,Describe instances,READ,1,DENIED,SUCCESS,SUCCESS
16,Describe security groups,READ,1,DENIED,SUCCESS,SUCCESS
17,Describe volumes,READ,1,DENIED,SUCCESS,SUCCESS
18,Describe snapshots,READ,1,DENIED,SUCCESS,SUCCESS
19,Describe vpcs,READ,1,DENIED,SUCCESS,SUCCESS
20,Create tags,WRITE,2,DENIED,SUCCESS,SUCCESS
21,Start instances,WRITE,2,DENIED,SUCCESS,SUCCESS
22,Run instances,WRITE,2,DENIED,DENIED,SUCCESS
23,Create snapshot,WRITE,2,DENIED,DENIED,SUCCESS
24,Authorize security group ingress,WRITE,2,DENIED,DENIED,SUCCESS
25,Stop instances,DESTROY,3,DENIED,SUCCESS,SUCCESS
26,Terminate instances,DESTROY,3,DENIED,DENIED,SUCCESS
27,Delete snapshot,DESTROY,3,DENIED,DENIED,SUCCESS
28,Delete security group,DESTROY,3,DENIED,DENIED,SUCCESS
29,List users,READ,1,DENIED,DENIED,SUCCESS
30,List roles,READ,1,DENIED,DENIED,SUCCESS
31,List policies,READ,1,DENIED,DENIED,SUCCESS
32,Get role,READ,1,DENIED,DENIED,SUCCESS
33,Get policy,READ,1,DENIED,DENIED,SUCCESS
34,Get account authorization details,READ,1,DENIED,DENIED,SUCCESS
35,Create user,ESCALATE,4,DENIED,DENIED,DENIED
36,Create role,ESCALATE,4,DENIED,DENIED,DENIED
37,Create access key,ESCALATE,4,DENIED,DENIED,DENIED
38,Attach user policy,ESCALATE,4,DENIED,DENIED,DENIED
39,Attach role policy,ESCALATE,4,DENIED,DENIED,DENIED
40,Put user policy,ESCALATE,4,DENIED,DENIED,DENIED
41,Put role policy,ESCALATE,4,DENIED,DENIED,DENIED
42,Update assume role policy,ESCALATE,4,DENIED,DENIED,DENIED
43,Create policy version,ESCALATE,4,DENIED,DENIED,DENIED
44,Pass role,ESCALATE,4,DENIED,DENIED,DENIED
45,Delete user,DESTROY,3,DENIED,DENIED,DENIED
46,Delete role,DESTROY,3,DENIED,DENIED,DENIED
47,Get caller identity,READ,1,SUCCESS,SUCCESS,SUCCESS
48,Get session token,READ,1,DENIED,SUCCESS,SUCCESS
49,Assume role,ESCALATE,4,DENIED,DENIED,SUCCESS
50,List functions,READ,1,DENIED,SUCCESS,SUCCESS
51,Get function,READ,1,DENIED,SUCCESS,SUCCESS
52,Get policy,READ,1,DENIED,DENIED,SUCCESS
53,Invoke function,WRITE,2,DENIED,SUCCESS,SUCCESS
54,Create function,WRITE,2,DENIED,DENIED,SUCCESS
55,Update function code,WRITE,2,DENIED,DENIED,SUCCESS
56,Update function configuration,WRITE,2,DENIED,DENIED,SUCCESS
57,Add permission,ESCALATE,4,DENIED,DENIED,SUCCESS
58,Create event source mapping,WRITE,2,DENIED,DENIED,SUCCESS
59,Delete function,DESTROY,3,DENIED,DENIED,SUCCESS
60,List tables,READ,1,DENIED,SUCCESS,SUCCESS
61,Describe table,READ,1,DENIED,SUCCESS,SUCCESS
62,Get item,READ,1,DENIED,SUCCESS,SUCCESS
63,Query,READ,1,DENIED,SUCCESS,SUCCESS
64,Put item,WRITE,2,DENIED,SUCCESS,SUCCESS
65,Update item,WRITE,2,DENIED,SUCCESS,SUCCESS
66,Delete item,DESTROY,3,DENIED,DENIED,SUCCESS
67,Delete table,DESTROY,3,DENIED,DENIED,SUCCESS
68,List keys,READ,1,DENIED,SUCCESS,SUCCESS
69,Describe key,READ,1,DENIED,SUCCESS,SUCCESS
70,Get key policy,READ,1,DENIED,DENIED,SUCCESS
71,Decrypt,READ,1,DENIED,SUCCESS,SUCCESS
72,Encrypt,WRITE,2,DENIED,SUCCESS,SUCCESS
73,Put key policy,ESCALATE,4,DENIED,DENIED,SUCCESS
74,Schedule key deletion,DESTROY,3,DENIED,DENIED,SUCCESS
75,Describe trails,READ,1,DENIED,SUCCESS,SUCCESS
76,Get trail status,READ,1,DENIED,SUCCESS,SUCCESS
77,Lookup events,READ,1,DENIED,SUCCESS,SUCCESS
78,Update trail,WRITE,2,DENIED,DENIED,SUCCESS
79,Stop logging,DESTROY,3,DENIED,DENIED,SUCCESS
80,Delete trail,DESTROY,3,DENIED,DENIED,SUCCESS
81,Describe log groups,READ,1,DENIED,SUCCESS,SUCCESS
82,Get log events,READ,1,DENIED,SUCCESS,SUCCESS
83,Create log group,WRITE,2,SUCCESS,SUCCESS,SUCCESS
84,Put log events,WRITE,2,SUCCESS,SUCCESS,SUCCESS
85,Delete log group,DESTROY,3,DENIED,DENIED,SUCCESS
86,List secrets,READ,1,DENIED,SUCCESS,SUCCESS
87,Describe secret,READ,1,DENIED,SUCCESS,SUCCESS
88,Get secret value,READ,1,DENIED,SUCCESS,SUCCESS
89,Create secret,WRITE,2,DENIED,DENIED,SUCCESS
90,Put secret value,WRITE,2,DENIED,DENIED,SUCCESS
91,Delete secret,DESTROY,3,DENIED,DENIED,SUCCESS
92,Describe parameters,READ,1,DENIED,SUCCESS,SUCCESS
93,Get parameter,READ,1,DENIED,SUCCESS,SUCCESS
94,Put parameter,WRITE,2,DENIED,SUCCESS,SUCCESS
95,Delete parameter,DESTROY,3,DENIED,DENIED,SUCCESS
96,Describe d b instances,READ,1,DENIED,SUCCESS,SUCCESS
97,Create d b snapshot,WRITE,2,DENIED,SUCCESS,SUCCESS
98,Modify d b instance,WRITE,2,DENIED,DENIED,SUCCESS
99,Stop d b instance,DESTROY,3,DENIED,DENIED,SUCCESS
100,Delete d b instance,DESTROY,3,DENIED,DENIED,SUCCESS
